{"komara_@abv.bg":[{"desc":"last post","owner":"komara_@abv.bg","created_date":1521985079},{"desc":"test","owner":"komara_@abv.bg","created_date":1521985039},{"desc":"asd","owner":"komara_@abv.bg","created_date":1521985025}],"test@abv.bg":[{"desc":"asd","owner":"test@abv.bg","created_date":1521986458},{"desc":"fgldk","owner":"test@abv.bg","created_date":1521986222},{"desc":"testing\r\n","owner":"test@abv.bg","created_date":1521985506},{"desc":"asd","owner":"test@abv.bg","created_date":1521985469}]}