{"eray@abv.bg":{"first_name":"eray","last_name":"myumyun","display_name":"","relationship_status":"","profile_pic":".\/uploads\/default_profile.png","profile_cover":".\/uploads\/default_cover.jpg","email":"eray@abv.bg","password":"40bd001563085fc35165329ea1ff5c5ecbdbbeef","gender":"male","birthday":"2018-03-13","contacts":[],"reg_date":1521289309},"komara_@abv.bg":{"first_name":"Svetoslav","last_name":"Vladov","display_name":"","relationship_status":"","profile_pic":".\/uploads\/default_profile.png","profile_cover":".\/uploads\/default_cover.jpg","email":"komara_@abv.bg","password":"f10e2821bbbea527ea02200352313bc059445190","gender":"male","birthday":"1988-10-22","contacts":[],"reg_date":1521289516},"new@abv.bg":{"first_name":"new","last_name":"user","display_name":"","relationship_status":"","profile_pic":".\/uploads\/default_profile.png","profile_cover":".\/uploads\/default_cover.jpg","email":"new@abv.bg","password":"40bd001563085fc35165329ea1ff5c5ecbdbbeef","gender":"male","birthday":"2018-03-16","contacts":[],"reg_date":1521289523},"another@abv.bg":{"first_name":"another","last_name":"user","display_name":"","relationship_status":"","profile_pic":".\/uploads\/default_profile.png","profile_cover":".\/uploads\/default_cover.jpg","email":"another@abv.bg","password":"40bd001563085fc35165329ea1ff5c5ecbdbbeef","gender":"male","birthday":"2018-03-06","contacts":[],"reg_date":1521731834},"test@abv.bg":{"first_name":"test","last_name":"test","display_name":"","relationship_status":"","profile_pic":".\/uploads\/default_profile.png","profile_cover":".\/uploads\/default_cover.jpg","email":"test@abv.bg","password":"f10e2821bbbea527ea02200352313bc059445190","gender":"male","birthday":"5345-02-21","contacts":[],"reg_date":1521971970}}